epoch;accuracy;loss;val_accuracy;val_loss
0;0.13356164;3.011489312126212;0.09000000357627869;2.3568389415740967
1;0.17333333;2.4024196743965147;0.09000000357627869;2.3757848739624023
2;0.20666666;2.132350558042526;0.10999999940395355;2.695535182952881
3;0.27;1.89908886551857;0.15000000596046448;3.3836255073547363
4;0.34666666;1.8624533057212829;0.10999999940395355;3.9531421661376953
5;0.36;1.7255443394184113;0.10999999940395355;4.139622688293457
6;0.37333333;1.6564519882202149;0.09000000357627869;3.704395294189453
7;0.34666666;1.7922274947166443;0.03999999910593033;4.47634744644165
8;0.39333335;1.5112777650356293;0.11999999731779099;4.890437602996826
9;0.39333335;1.6532590210437774;0.18000000715255737;4.196423530578613
10;0.41333333;1.5446686804294587;0.18000000715255737;3.674013137817383
11;0.42666668;1.5258922696113586;0.15000000596046448;5.399982929229736
12;0.38333333;1.447879821062088;0.10000000149011612;4.222553730010986
13;0.41666666;1.4809396982192993;0.10000000149011612;3.939368724822998
14;0.37;1.5360335052013396;0.09000000357627869;3.588357448577881
15;0.38333333;1.6233637154102325;0.1899999976158142;3.1972689628601074
16;0.45666668;1.4613078981637955;0.11999999731779099;3.1932642459869385
17;0.43666667;1.3580862790346147;0.17000000178813934;2.7813327312469482
18;0.43333334;1.4539395451545716;0.1599999964237213;2.8600354194641113
19;0.42;1.5197536319494247;0.20999999344348907;2.623154878616333
20;0.42333335;1.45091010928154;0.36000001430511475;2.2124290466308594
21;0.46333334;1.4494095265865325;0.2800000011920929;2.0407369136810303
22;0.45;1.374826967716217;0.36000001430511475;1.2557199001312256
23;0.5;1.2604255110025406;0.33000001311302185;1.3339943885803223
24;0.49333334;1.3244539111852647;0.4099999964237213;1.6083042621612549
25;0.44;1.410360786318779;0.46000000834465027;1.5529476404190063
26;0.41666666;1.4123994350433349;0.3799999952316284;2.013552188873291
27;0.46;1.3982568085193634;0.27000001072883606;1.909929633140564
28;0.49333334;1.2710066199302674;0.4399999976158142;1.3284103870391846
29;0.46666667;1.4039071023464202;0.49000000953674316;1.2940775156021118
30;0.44;1.4304891169071197;0.4300000071525574;2.235569715499878
31;0.52666664;1.317092365026474;0.4699999988079071;1.770876169204712
32;0.54333335;1.1896840512752533;0.49000000953674316;1.0911743640899658
33;0.54;1.2543837994337081;0.3199999928474426;2.3117382526397705
34;0.51;1.1620761692523955;0.3199999928474426;2.510037899017334
35;0.44666666;1.3986327916383743;0.3400000035762787;1.8008636236190796
36;0.49;1.2639913469552995;0.4699999988079071;1.3393110036849976
37;0.5233333;1.2928863525390626;0.4300000071525574;1.2453453540802002
38;0.48666668;1.3978326439857482;0.49000000953674316;1.2853858470916748
39;0.5133333;1.188725730776787;0.5199999809265137;1.1683027744293213
40;0.50333333;1.2279369205236434;0.30000001192092896;1.797755241394043
41;0.53;1.213594952225685;0.4399999976158142;1.5810905694961548
42;0.53;1.2553281158208847;0.4399999976158142;1.3115360736846924
43;0.51666665;1.1872393101453782;0.3700000047683716;2.5522632598876953
44;0.53333336;1.227141398191452;0.46000000834465027;1.3090224266052246
45;0.56;1.1839722782373427;0.3700000047683716;1.8469502925872803
46;0.52;1.2736643075942993;0.5699999928474426;0.9882124066352844
47;0.5466667;1.1307858258485795;0.47999998927116394;1.7039315700531006
48;0.49;1.2933941036462784;0.5299999713897705;1.015358567237854
49;0.5466667;1.1187782913446427;0.4099999964237213;1.7146835327148438
50;0.53;1.2156641483306885;0.4300000071525574;1.2511942386627197
51;0.49;1.2566657751798629;0.47999998927116394;1.0517008304595947
52;0.56;1.1223855078220368;0.5199999809265137;0.9932880401611328
53;0.56333333;1.1052941977977753;0.15000000596046448;3.430302381515503
54;0.53;1.2425173342227935;0.36000001430511475;0.9984552264213562
55;0.5;1.2033388882875442;0.36000001430511475;2.7905988693237305
56;0.56666666;1.0750862449407577;0.46000000834465027;1.1358392238616943
57;0.51666665;1.169009080529213;0.3499999940395355;2.149505138397217
58;0.5466667;1.10994893014431;0.49000000953674316;1.208247423171997
59;0.54333335;1.189315250515938;0.6200000047683716;1.2239855527877808
60;0.54;1.1952522218227386;0.5299999713897705;0.7952359914779663
61;0.5366667;1.3138222008943559;0.27000001072883606;3.264052629470825
62;0.58;1.0523619532585144;0.4000000059604645;1.5970275402069092
63;0.57666665;1.0861145496368407;0.41999998688697815;1.4050625562667847
64;0.55;1.0669776916503906;0.532608687877655;2.0918538570404053
65;0.5466667;1.073031622171402;0.4699999988079071;1.278258204460144
66;0.60333335;1.031853872537613;0.6000000238418579;0.840096116065979
67;0.5733333;1.0811693370342255;0.4399999976158142;1.5307068824768066
68;0.5566667;1.0503182053565978;0.6100000143051147;1.1898149251937866
69;0.56333333;1.0622247338294983;0.44999998807907104;1.2444279193878174
70;0.5466667;1.1372966468334198;0.4699999988079071;1.024275541305542
71;0.5376712;1.2118241509346113;0.4300000071525574;2.0256457328796387
72;0.5466667;1.1896695047616959;0.49000000953674316;2.2251393795013428
73;0.54;1.1392595201730729;0.36000001430511475;2.614619493484497
74;0.5366667;1.1375430464744567;0.44999998807907104;1.6241785287857056
75;0.5733333;1.0870285004377365;0.27000001072883606;2.3135857582092285
76;0.5566667;1.20122332572937;0.6000000238418579;0.6577140688896179
77;0.5566667;1.1338017761707306;0.36000001430511475;1.9412752389907837
78;0.53333336;1.1458801716566085;0.5799999833106995;0.579420804977417
79;0.5566667;1.038560253381729;0.28999999165534973;2.480724334716797
80;0.54333335;1.1085049092769623;0.4699999988079071;0.7943259477615356
81;0.56333333;1.0879599452018738;0.49000000953674316;1.857508897781372
82;0.55333334;1.1350004881620408;0.3100000023841858;3.1645398139953613
83;0.6;0.9871573597192764;0.5600000023841858;1.8858091831207275
84;0.62;1.0319959700107575;0.5600000023841858;1.496943712234497
85;0.5466667;1.0687635779380797;0.5400000214576721;1.1856796741485596
86;0.53333336;1.2249668151140214;0.44999998807907104;1.1655495166778564
87;0.6166667;1.0413185834884644;0.6000000238418579;1.3042778968811035
88;0.5833333;1.0640700101852416;0.25999999046325684;2.810762405395508
89;0.5966667;1.0496913552284242;0.5799999833106995;1.1482065916061401
90;0.65;1.0189058244228364;0.6700000166893005;0.7478434443473816
91;0.57666665;1.0585140705108642;0.5699999928474426;1.5212805271148682
92;0.56;1.1015822499990464;0.3400000035762787;1.1105904579162598
93;0.59;1.039814230799675;0.5;1.5331052541732788
94;0.5466667;1.0888415545225143;0.550000011920929;1.5003852844238281
95;0.5933333;1.0501375049352646;0.6600000262260437;0.9665005803108215
96;0.6533333;0.9965265318751335;0.3400000035762787;1.598634123802185
97;0.5933333;1.116192591190338;0.33000001311302185;1.5011985301971436
98;0.60333335;1.0274284303188324;0.5600000023841858;0.6084760427474976
99;0.61;1.0304169446229934;0.4300000071525574;3.437096357345581
100;0.63;1.0079770237207413;0.6000000238418579;0.8379896283149719
101;0.56333333;1.0708956599235535;0.5799999833106995;0.7176200151443481
102;0.5466667;1.1824806928634644;0.550000011920929;1.229609727859497
103;0.5966667;1.0895230710506438;0.6600000262260437;0.7879951596260071
104;0.62666667;0.997350201010704;0.5899999737739563;1.4031778573989868
105;0.61333334;0.9948431342840195;0.5699999928474426;1.0476503372192383
106;0.63;1.0126253634691238;0.5600000023841858;0.7722381353378296
107;0.6066667;0.9996606647968292;0.49000000953674316;1.945847749710083
108;0.62333333;1.0585026800632478;0.3700000047683716;2.045788526535034
109;0.58666664;1.0784527689218522;0.33000001311302185;1.7237834930419922
110;0.60333335;1.0238621562719346;0.25999999046325684;2.2958333492279053
111;0.62;0.9353521406650543;0.550000011920929;1.9343414306640625
112;0.5566667;1.0830968827009202;0.3400000035762787;1.9880084991455078
113;0.5566667;0.9759671449661255;0.33000001311302185;2.535128116607666
114;0.5733333;1.0580123007297515;0.6100000143051147;0.6261413097381592
115;0.5733333;1.09214446246624;0.44999998807907104;1.6804078817367554
116;0.6166667;0.9846899241209031;0.5400000214576721;1.2720586061477661
117;0.57666665;0.9895624071359634;0.5;0.6934618949890137
118;0.61333334;1.0190511435270309;0.5299999713897705;1.7848255634307861
119;0.5566667;1.0810398817062379;0.41999998688697815;0.7574930191040039
120;0.55333334;1.0344651699066163;0.47999998927116394;1.4539446830749512
121;0.6166667;0.9814750552177429;0.5299999713897705;1.2681766748428345
122;0.63;0.9417746812105179;0.6700000166893005;0.7535035610198975
123;0.5566667;1.0652302294969558;0.4099999964237213;1.8827329874038696
124;0.64;0.9256038948893547;0.6100000143051147;0.7019311785697937
125;0.6232877;1.0059484697572172;0.4399999976158142;1.7359235286712646
126;0.5966667;1.071479681134224;0.44999998807907104;1.5132709741592407
127;0.65;0.923677858710289;0.25999999046325684;2.168739080429077
128;0.5966667;1.037705197930336;0.5869565010070801;0.7405984997749329
129;0.61;1.0043974056839944;0.5;1.800657033920288
130;0.5566667;0.9829897373914719;0.5699999928474426;1.1010782718658447
131;0.63;0.9569361627101898;0.46000000834465027;1.2538443803787231
132;0.64;1.0078370779752732;0.6000000238418579;1.1462196111679077
133;0.59;1.0590875029563904;0.41999998688697815;1.8300062417984009
134;0.63;0.9914094507694244;0.28999999165534973;2.93339204788208
135;0.58666664;1.0297073692083358;0.47999998927116394;1.859149694442749
136;0.66333336;0.8388344347476959;0.47999998927116394;1.4561352729797363
137;0.60333335;0.9620725348591804;0.5299999713897705;1.0200939178466797
138;0.6;0.9715750455856323;0.46000000834465027;1.0017879009246826
139;0.6066667;0.9734349176287651;0.3799999952316284;1.6929619312286377
140;0.60333335;0.9164955198764801;0.3400000035762787;1.9124553203582764
141;0.5933333;1.0035818785429;0.5600000023841858;0.5267994403839111
142;0.56666666;1.0828285187482833;0.5600000023841858;1.6884819269180298
143;0.62333333;0.9584237039089203;0.41999998688697815;1.251621961593628
144;0.68;0.9024367898702621;0.6499999761581421;0.413140207529068
145;0.62333333;0.8818543255329132;0.5;0.9518331289291382
146;0.6433333;0.9333118289709091;0.4000000059604645;1.4232361316680908
147;0.6333333;0.9692148581147194;0.5400000214576721;0.6544250249862671
148;0.6;0.9732428759336471;0.4399999976158142;2.6996617317199707
149;0.63;0.9809295535087585;0.4399999976158142;2.6546318531036377
150;0.64666665;0.9268872529268265;0.3400000035762787;1.798669457435608
151;0.62;0.9892966777086258;0.47999998927116394;1.6135051250457764
152;0.63;0.9631572157144547;0.6200000047683716;0.6265947222709656
153;0.63;0.9074825316667556;0.41999998688697815;1.5610315799713135
154;0.62333333;1.024781408905983;0.4000000059604645;3.422772169113159
155;0.5966667;1.0237008064985276;0.3700000047683716;1.7376747131347656
156;0.6;0.9999738693237304;0.38999998569488525;1.965091347694397
157;0.5966667;0.9651820570230484;0.6100000143051147;1.2777177095413208
158;0.5466667;1.1135032594203949;0.20000000298023224;1.9403632879257202
159;0.60333335;0.9864312887191773;0.5699999928474426;1.7867692708969116
160;0.61333334;0.9639320015907288;0.47999998927116394;1.4713457822799683
161;0.63;0.8999330908060074;0.6299999952316284;0.5081551671028137
162;0.65;0.8276909127831459;0.5400000214576721;0.752025306224823
163;0.63;0.8675325319170952;0.6499999761581421;0.663666844367981
164;0.63666666;0.9215623557567596;0.5299999713897705;1.3305079936981201
165;0.61;0.9704886168241501;0.6200000047683716;0.6791982650756836
166;0.6066667;0.9461865574121475;0.6200000047683716;1.2470004558563232
167;0.61333334;0.9612502425909042;0.5299999713897705;1.0289195775985718
168;0.6533333;0.9126357451081276;0.6399999856948853;1.7239891290664673
169;0.6666667;0.9218506395816803;0.5299999713897705;0.8014551401138306
170;0.60333335;0.9826285392045975;0.49000000953674316;1.0639336109161377
171;0.61986303;0.964661084217568;0.6100000143051147;0.8043853640556335
172;0.62;0.8506276190280915;0.6100000143051147;1.2630351781845093
173;0.65;0.8426238492131233;0.4699999988079071;1.6644086837768555
174;0.63;0.9662219703197479;0.49000000953674316;1.1614465713500977
175;0.6333333;0.86510369181633;0.550000011920929;1.0408260822296143
176;0.61333334;0.9409703463315964;0.3799999952316284;3.097865343093872
177;0.61;0.9704385459423065;0.6700000166893005;1.0954039096832275
178;0.64666665;0.8717314377427101;0.5099999904632568;0.7639409303665161
179;0.64666665;0.9599297344684601;0.4099999964237213;2.023972272872925
180;0.6333333;0.8240361183881759;0.44999998807907104;2.792407274246216
181;0.67333335;0.8695689469575882;0.36000001430511475;2.345961332321167
182;0.65;0.9284477815032005;0.5799999833106995;0.6526305079460144
183;0.61333334;0.8824594087898732;0.6299999952316284;0.8624672889709473
184;0.67808217;0.8547157873846081;0.46000000834465027;1.3280158042907715
185;0.6;0.9311041116714478;0.4699999988079071;1.7063194513320923
186;0.60333335;0.9760055035352707;0.6100000143051147;1.0636504888534546
187;0.62666667;0.9531694531440735;0.6899999976158142;0.9091183543205261
188;0.67;0.9329000696539879;0.6399999856948853;0.8773916959762573
189;0.62;0.9073196887969971;0.5799999833106995;0.8033370971679688
190;0.6566667;0.873977792263031;0.5600000023841858;0.509287416934967
191;0.6066667;1.0020404696464538;0.4300000071525574;0.758104681968689
192;0.6766667;0.8625069618225097;0.6086956262588501;0.9949547052383423
193;0.65;0.9489702254533767;0.6000000238418579;0.621802806854248
194;0.68333334;0.8741232246160507;0.6600000262260437;1.201658010482788
195;0.6166667;0.8906514406204223;0.6499999761581421;0.7497279047966003
196;0.6533333;0.9339338779449463;0.5799999833106995;0.6562056541442871
197;0.6;0.9676478803157806;0.5699999928474426;0.7212023735046387
198;0.67333335;0.8244619369506836;0.49000000953674316;1.2197558879852295
199;0.6533333;0.8596981406211853;0.5799999833106995;1.0976431369781494
200;0.60333335;0.9953321516513824;0.33000001311302185;1.3852993249893188
201;0.58;1.0590697407722474;0.5699999928474426;1.3889719247817993
202;0.64;0.9860866099596024;0.4000000059604645;2.5605132579803467
203;0.66333336;0.8273425504565239;0.5799999833106995;0.7408848404884338
204;0.68666667;0.8707840397953988;0.5899999737739563;1.1783174276351929
205;0.68;0.886669896543026;0.5799999833106995;1.1432663202285767
206;0.66333336;0.955950802564621;0.28999999165534973;5.088525295257568
207;0.62;0.9583288669586182;0.3199999928474426;1.5440263748168945
208;0.6933333;0.8290699899196625;0.5400000214576721;0.9369139671325684
209;0.6533333;0.8495409294962883;0.4000000059604645;1.821417212486267
210;0.61333334;0.9648787930607796;0.5400000214576721;2.0318703651428223
211;0.59;0.9425537914037705;0.38999998569488525;1.5673128366470337
212;0.5966667;1.026459237933159;0.6399999856948853;0.5660260915756226
213;0.62;0.9595006793737412;0.6100000143051147;1.151041030883789
214;0.6433333;0.9484144657850265;0.4699999988079071;1.396679162979126
215;0.65;0.9108338594436646;0.6200000047683716;0.855366587638855
216;0.59;0.9847756445407867;0.7300000190734863;0.7596395015716553
217;0.66333336;0.8409930393099785;0.550000011920929;1.7526166439056396
218;0.60333335;1.0543665379285811;0.6700000166893005;1.0675464868545532
219;0.74333334;0.7266648665070534;0.49000000953674316;0.6565157175064087
220;0.69;0.7521805867552758;0.7200000286102295;0.5445823669433594
221;0.64666665;0.8678088113665581;0.6499999761581421;1.3809462785720825
222;0.61333334;0.9096824079751968;0.46000000834465027;1.1188918352127075
223;0.64666665;0.9277901694178581;0.47999998927116394;0.5217589139938354
224;0.7033333;0.8177253156900406;0.6200000047683716;1.130354642868042
225;0.63666666;0.973765853047371;0.4699999988079071;0.7771068811416626
226;0.6533333;0.9073976755142212;0.5699999928474426;0.8831443786621094
227;0.6766667;0.8457452654838562;0.5199999809265137;1.1529165506362915
228;0.64666665;0.9944023430347443;0.5600000023841858;1.5874419212341309
229;0.6533333;0.9260618090629578;0.5600000023841858;0.5146893262863159
230;0.6333333;0.9137699469923973;0.7200000286102295;0.5458275079727173
231;0.66;0.8476591974496841;0.5799999833106995;0.4838182330131531
232;0.65;0.8545977175235748;0.5699999928474426;1.2987761497497559
233;0.56333333;0.9320570737123489;0.5799999833106995;0.9520627856254578
234;0.6766667;0.8252540677785873;0.46000000834465027;0.7902692556381226
235;0.65068495;0.8492568696606649;0.6499999761581421;1.3585762977600098
236;0.6566667;0.8257170885801315;0.4399999976158142;1.9803088903427124
237;0.68;0.822760134935379;0.47999998927116394;1.948055624961853
238;0.6333333;0.909911471605301;0.5600000023841858;0.6582725048065186
239;0.68666667;0.8110398814082146;0.5899999737739563;1.245427131652832
240;0.64666665;0.9096259206533432;0.6600000262260437;0.7178825736045837
241;0.69666666;0.8144503235816956;0.5199999809265137;1.2695930004119873
242;0.7;0.845028868317604;0.5600000023841858;1.9743688106536865
243;0.6566667;0.9053161755204201;0.4399999976158142;1.031020164489746
244;0.63666666;0.8917776554822922;0.550000011920929;1.0257737636566162
245;0.57666665;0.989962700009346;0.5799999833106995;0.9884020090103149
246;0.6933333;0.8137717977166176;0.5299999713897705;1.0259435176849365
247;0.70666665;0.8097704291343689;0.6000000238418579;1.0936449766159058
248;0.64;0.8244939878582954;0.44999998807907104;1.1901472806930542
249;0.6666667;0.8756062045693398;0.5400000214576721;0.7018883228302002
250;0.62333333;0.931371533870697;0.6000000238418579;0.9208272695541382
251;0.6766667;0.843360809981823;0.5400000214576721;0.4857921004295349
252;0.65;0.8908766031265258;0.5600000023841858;1.2549755573272705
253;0.6766667;0.8460233956575394;0.550000011920929;1.0258877277374268
254;0.63666666;0.9175452798604965;0.6800000071525574;1.2036142349243164
255;0.69;0.797189599275589;0.5899999737739563;1.2503365278244019
256;0.6433333;0.8622555643320083;0.5652173757553101;0.8906277418136597
257;0.68;0.8674420803785324;0.6100000143051147;0.7631242275238037
258;0.6566667;0.8881300091743469;0.6299999952316284;0.7657778859138489
259;0.67;0.8880178183317184;0.6100000143051147;0.9605954885482788
260;0.71666664;0.8110652938485146;0.5699999928474426;0.9727392196655273
261;0.68666667;0.7852754846215249;0.5099999904632568;1.6943210363388062
262;0.67333335;0.7770342946052551;0.6200000047683716;1.5452995300292969
263;0.67333335;0.8010420456528664;0.7799999713897705;0.29150518774986267
264;0.66;0.9042982488870621;0.44999998807907104;2.2051713466644287
265;0.61333334;0.9154728144407273;0.6800000071525574;0.6987494826316833
266;0.69;0.7995440855622291;0.6100000143051147;0.6857497692108154
267;0.6433333;0.927915146946907;0.6800000071525574;0.9301332235336304
268;0.67;0.768174609541893;0.47999998927116394;1.3499269485473633
269;0.66333336;0.793638689815998;0.5699999928474426;1.0122411251068115
270;0.62333333;0.8645103678107262;0.5199999809265137;1.4918054342269897
271;0.67;0.8699923619627953;0.4699999988079071;0.9761320352554321
272;0.6433333;0.8997269704937935;0.7400000095367432;0.4920344352722168
273;0.6533333;0.850939205288887;0.6499999761581421;0.7655312418937683
274;0.6566667;0.8165695920586586;0.5199999809265137;1.504834532737732
275;0.63666666;0.8945041000843048;0.5799999833106995;1.1762912273406982
276;0.6;0.92311682254076;0.6299999952316284;0.5594335794448853
277;0.68;0.8362380102276802;0.5899999737739563;0.9693698883056641
278;0.7033333;0.7945639953017235;0.5600000023841858;0.7740974426269531
279;0.64726025;0.9373561586827448;0.5899999737739563;1.442283034324646
280;0.68666667;0.878517396748066;0.49000000953674316;1.2052291631698608
281;0.69666666;0.7561301290988922;0.5899999737739563;1.7116905450820923
282;0.6766667;0.8211256876587868;0.6499999761581421;0.5123043060302734
283;0.64666665;0.8683850735425949;0.4399999976158142;1.5301179885864258
284;0.68333334;0.7654834881424903;0.550000011920929;0.8119373321533203
285;0.62;0.9231787830591202;0.5199999809265137;1.7215818166732788
286;0.66;0.834410072863102;0.6399999856948853;0.6465175151824951
287;0.7033333;0.8462587118148803;0.699999988079071;0.4966984689235687
288;0.66333336;0.7975229978561401;0.4699999988079071;1.779982328414917
289;0.68333334;0.916877681016922;0.6899999976158142;0.7171133756637573
290;0.63666666;0.8528636634349823;0.3400000035762787;2.332092761993408
291;0.6566667;0.8673492491245269;0.5600000023841858;1.0957175493240356
292;0.66;0.7701000720262527;0.6399999856948853;1.2474250793457031
293;0.69666666;0.7976950064301491;0.550000011920929;1.0060081481933594
294;0.7;0.6985096737742424;0.6399999856948853;0.46178117394447327
295;0.63666666;0.8939362004399299;0.6399999856948853;0.5941943526268005
296;0.6533333;0.8128657102584839;0.6800000071525574;0.8133518099784851
297;0.67;0.8070566207170486;0.550000011920929;0.9160165786743164
298;0.62;0.9532125562429428;0.7799999713897705;0.811836838722229
299;0.68333334;0.8213582500815392;0.6100000143051147;1.4856030941009521
300;0.66333336;0.8252011284232139;0.5199999809265137;1.019909143447876
301;0.6933333;0.8721750766038895;0.5;2.0738208293914795
302;0.6666667;0.8424522027373313;0.6200000047683716;2.1482162475585938
303;0.66333336;0.8493270352482796;0.7099999785423279;0.7901098728179932
304;0.6566667;0.8688466683030128;0.5699999928474426;0.9989256858825684
305;0.66333336;0.802913099527359;0.6399999856948853;0.9791067838668823
306;0.6333333;0.8458030804991722;0.5400000214576721;1.7029435634613037
307;0.67333335;0.8725017309188843;0.6299999952316284;0.9718917608261108
308;0.67;0.8551463961601258;0.5299999713897705;1.122173547744751
309;0.64666665;0.9088669493794441;0.6399999856948853;1.1123378276824951
310;0.72;0.7656250715255737;0.4300000071525574;1.883243203163147
311;0.6566667;0.8259342148900032;0.49000000953674316;1.0148433446884155
312;0.66;0.8553210854530334;0.699999988079071;0.7625999450683594
313;0.63666666;0.8483100399374962;0.5699999928474426;1.2003211975097656
314;0.71666664;0.7580397352576256;0.6000000238418579;1.1379891633987427
315;0.65;0.8416937917470932;0.6299999952316284;1.253170371055603
316;0.64666665;0.8511444941163063;0.5299999713897705;1.5468473434448242
317;0.63;0.8724203690886497;0.3499999940395355;3.391571521759033
318;0.67808217;0.8200079859936074;0.5299999713897705;1.1282663345336914
319;0.68333334;0.779651851952076;0.6499999761581421;0.5928125977516174
320;0.68;0.8042799636721611;0.75;0.599298357963562
321;0.62666667;0.849902568757534;0.6899999976158142;0.3618506193161011
322;0.68333334;0.8977037221193314;0.6499999761581421;1.6262989044189453
323;0.6566667;0.8427953004837037;0.6800000071525574;1.0864901542663574
324;0.65;0.8903807610273361;0.550000011920929;1.370370626449585
325;0.62;0.8986515656113625;0.6899999976158142;0.3184465169906616
326;0.65;0.8297722712159157;0.5899999737739563;0.5332205891609192
327;0.68;0.8046643957495689;0.3700000047683716;2.4864695072174072
328;0.7033333;0.7813949808478355;0.550000011920929;1.032583236694336
329;0.71;0.7701073855161666;0.5299999713897705;1.1732629537582397
330;0.67;0.8510374829173089;0.550000011920929;0.9691222906112671
331;0.68666667;0.7944611489772797;0.5799999833106995;0.7637734413146973
332;0.6433333;0.8107502892613411;0.5600000023841858;1.3541920185089111
333;0.6533333;0.811616176366806;0.6600000262260437;0.48668766021728516
334;0.7033333;0.761141300201416;0.6200000047683716;0.8399595022201538
335;0.70666665;0.786292988061905;0.6499999761581421;1.2917581796646118
336;0.7033333;0.7577376738190651;0.6899999976158142;0.7350084185600281
337;0.74333334;0.6810405477881432;0.5899999737739563;0.8399163484573364
338;0.67;0.8832150615751744;0.7099999785423279;1.0224868059158325
339;0.68;0.861317104101181;0.550000011920929;1.3891804218292236
340;0.68;0.7708857864141464;0.5899999737739563;1.5460246801376343
341;0.68666667;0.8288816839456559;0.6000000238418579;0.7434300184249878
342;0.69666666;0.7819023489952087;0.6700000166893005;0.6377532482147217
343;0.66333336;0.8404914185404777;0.550000011920929;1.124947428703308
344;0.64666665;0.8672046810388565;0.49000000953674316;0.8713241815567017
345;0.68666667;0.8556948065757751;0.6299999952316284;0.8590885400772095
346;0.6;1.0340874567627907;0.5899999737739563;0.8935827016830444
347;0.69;0.7973171904683113;0.5699999928474426;1.3840343952178955
348;0.71;0.7597591519355774;0.6499999761581421;0.9204040765762329
349;0.73;0.7432880252599716;0.6800000071525574;0.6413432955741882
350;0.6533333;0.7736155733466148;0.6700000166893005;0.6585366725921631
351;0.6766667;0.810785323381424;0.5600000023841858;0.7946011424064636
352;0.68333334;0.7945750281214714;0.5899999737739563;1.414291262626648
353;0.67;0.8071062788367271;0.5600000023841858;1.6454432010650635
354;0.6433333;0.761972825229168;0.6600000262260437;0.4754680097103119
355;0.68666667;0.7498255550861359;0.6600000262260437;0.9933408498764038
356;0.68;0.8091228753328323;0.4699999988079071;2.0263540744781494
357;0.76;0.6846730172634125;0.6100000143051147;1.9762661457061768
358;0.73;0.6999534323811532;0.6100000143051147;0.8011921048164368
359;0.7266667;0.7367436528205872;0.6200000047683716;0.6698921322822571
360;0.68;0.8085522532463074;0.6800000071525574;1.291715383529663
361;0.68;0.8421699643135071;0.5;1.2262862920761108
362;0.66333336;0.7720570996403694;0.4000000059604645;1.8847672939300537
363;0.66;0.8786817640066147;0.5199999809265137;0.3996429741382599
364;0.70666665;0.7907696321606636;0.5600000023841858;1.6864547729492188
365;0.71;0.7369514308869839;0.4699999988079071;1.5466840267181396
366;0.66;0.8857418119907379;0.6200000047683716;0.47972673177719116
367;0.67;0.7768065676093101;0.5899999737739563;1.0006760358810425
368;0.6933333;0.7527269944548607;0.4399999976158142;2.3843653202056885
369;0.68;0.7524712175130844;0.5299999713897705;2.7399682998657227
370;0.67333335;0.765608885884285;0.49000000953674316;1.0410330295562744
371;0.68333334;0.8758616395294666;0.6499999761581421;1.137909173965454
372;0.64666665;0.877097436785698;0.6000000238418579;0.5831683874130249
373;0.64;0.8000637829303742;0.5899999737739563;1.109320044517517
374;0.7033333;0.7469356641173363;0.5400000214576721;1.624227523803711
375;0.68333334;0.8140010297298431;0.6299999952316284;0.555080771446228
376;0.6533333;0.8352025628089905;0.5099999904632568;1.2642176151275635
377;0.69666666;0.8429489776492118;0.5799999833106995;1.1505534648895264
378;0.68;0.8362509235739708;0.699999988079071;0.6595085859298706
379;0.69666666;0.7955306082963943;0.5400000214576721;0.5041326284408569
380;0.6766667;0.8676030486822128;0.5799999833106995;1.2977739572525024
381;0.68666667;0.798061253130436;0.6399999856948853;2.043424129486084
382;0.6766667;0.8230546727776528;0.6700000166893005;0.47380152344703674
383;0.68333334;0.7854837372899055;0.5799999833106995;0.6956207156181335
384;0.72;0.7333577483892441;0.6739130616188049;0.6471195220947266
385;0.71;0.7466207548975945;0.7099999785423279;1.0830233097076416
386;0.6609589;0.8818162264276858;0.6299999952316284;1.0640652179718018
387;0.67;0.8636757224798203;0.6200000047683716;0.6580544710159302
388;0.7;0.7930223867297173;0.5799999833106995;2.248891592025757
389;0.68333334;0.7732173278927803;0.6100000143051147;0.41547197103500366
390;0.68333334;0.7456558033823967;0.699999988079071;0.8440275192260742
391;0.68666667;0.789592556655407;0.6600000262260437;1.179813265800476
392;0.7;0.7270583868026733;0.7099999785423279;1.4301197528839111
393;0.6533333;0.8387997061014175;0.6399999856948853;1.1980432271957397
394;0.6766667;0.8032645165920258;0.6499999761581421;0.7834187746047974
395;0.67;0.7962224900722503;0.5899999737739563;2.3918869495391846
396;0.7;0.7659803777933121;0.6499999761581421;1.2178115844726562
397;0.6666667;0.8744323268532753;0.6200000047683716;1.6772105693817139
398;0.73333335;0.7424117282032967;0.6299999952316284;1.0134632587432861
399;0.68333334;0.7807119727134705;0.6499999761581421;0.72227942943573
400;0.6666667;0.8842787474393845;0.5899999737739563;1.6886955499649048
401;0.6566667;0.9232532411813736;0.6200000047683716;0.6408999562263489
402;0.71666664;0.7142311841249466;0.6899999976158142;0.8459056615829468
403;0.68333334;0.7715239703655243;0.6299999952316284;0.6853960156440735
404;0.67;0.816638894379139;0.6499999761581421;0.8334638476371765
405;0.72333336;0.7356086939573288;0.5199999809265137;1.6524877548217773
406;0.65;0.8531616076827049;0.6399999856948853;0.7298041582107544
407;0.71;0.7655322283506394;0.6299999952316284;1.544093132019043
408;0.69666666;0.743924155831337;0.6399999856948853;0.7599480152130127
409;0.68;0.7455434843897819;0.5099999904632568;0.9879491925239563
410;0.6746575;0.7911205811247434;0.6200000047683716;0.4253726601600647
411;0.69;0.8303021296858788;0.6600000262260437;0.8921465873718262
412;0.72;0.7590504571795463;0.6600000262260437;1.2675371170043945
413;0.72333336;0.7182381480932236;0.5099999904632568;0.7414305806159973
414;0.75666666;0.6993816807866097;0.5799999833106995;1.3508108854293823
415;0.67;0.7529944002628326;0.5400000214576721;0.7945813536643982
416;0.72333336;0.7108650743961334;0.5199999809265137;2.509126663208008
417;0.68;0.8051763564348221;0.6700000166893005;0.7797484993934631
418;0.6333333;0.8639823392033577;0.5899999737739563;1.5089759826660156
419;0.65;0.8614984035491944;0.47999998927116394;1.0766050815582275
420;0.6533333;0.7982644841074944;0.7099999785423279;0.36530396342277527
421;0.74333334;0.682427653670311;0.550000011920929;1.371040940284729
422;0.71;0.7220448955893517;0.6499999761581421;0.48477697372436523
423;0.6533333;0.8688830256462097;0.6899999976158142;0.42805761098861694
424;0.73;0.6989002451300621;0.8199999928474426;0.23089094460010529
425;0.7;0.7327517464756965;0.6499999761581421;0.5604070425033569
426;0.71666664;0.8352459684014321;0.4300000071525574;2.225213050842285
427;0.67;0.917832863330841;0.5899999737739563;0.776999831199646
428;0.72333336;0.7486228197813034;0.6700000166893005;0.9412802457809448
429;0.70666665;0.8268534570932389;0.6899999976158142;1.2932544946670532
430;0.68666667;0.7580504789948463;0.5899999737739563;0.9264392852783203
431;0.7;0.6918622270226479;0.5299999713897705;1.469614028930664
432;0.71666664;0.7332136124372483;0.5299999713897705;1.4896867275238037
433;0.7033333;0.7637851968407631;0.7200000286102295;0.6744674444198608
434;0.7033333;0.7938361898064613;0.6899999976158142;0.749214231967926
435;0.6933333;0.7548013672232627;0.6700000166893005;1.3288395404815674
436;0.70666665;0.700081679224968;0.6899999976158142;1.2864370346069336
437;0.68333334;0.7773162186145782;0.6700000166893005;0.6536294221878052
438;0.72;0.6813959166407585;0.7599999904632568;0.9469872713088989
439;0.72333336;0.7454448223114014;0.6399999856948853;1.4176095724105835
440;0.6933333;0.7711616188287735;0.6499999761581421;1.0422168970108032
441;0.7133333;0.8452512681484222;0.6399999856948853;2.0377209186553955
442;0.69666666;0.7161067023873329;0.5299999713897705;1.5647555589675903
443;0.71;0.7145851418375969;0.5600000023841858;1.2568981647491455
444;0.7;0.7801876738667488;0.6899999976158142;1.1335827112197876
445;0.6666667;0.8497163712978363;0.6800000071525574;0.6077501177787781
446;0.68666667;0.8220519095659256;0.5799999833106995;1.660839319229126
447;0.6433333;0.8352697603404522;0.7400000095367432;0.5054548978805542
448;0.69;0.7329926043748856;0.554347813129425;1.8502191305160522
449;0.73;0.7387167796492576;0.6000000238418579;0.8906719088554382
450;0.70666665;0.794531087577343;0.6000000238418579;0.6875831484794617
451;0.64666665;0.9470358997583389;0.6399999856948853;0.8835922479629517
452;0.75;0.6789652451872825;0.6000000238418579;1.0637028217315674
453;0.72333336;0.7848014414310456;0.699999988079071;0.40690144896507263
454;0.7033333;0.7424069479107857;0.6299999952316284;1.4868464469909668
455;0.7266667;0.7169044330716133;0.6800000071525574;0.6095579862594604
456;0.74333334;0.7213699325919152;0.6600000262260437;0.8034529685974121
457;0.6933333;0.7719917997717858;0.6399999856948853;0.7634422779083252
458;0.72;0.7126826256513595;0.6100000143051147;0.5002974271774292
459;0.75;0.6974997505545616;0.5099999904632568;1.8184373378753662
460;0.7266667;0.7388078287243843;0.5899999737739563;0.9501751065254211
461;0.71666664;0.7146723046898842;0.6000000238418579;1.2752851247787476
462;0.72;0.7069669544696808;0.5699999928474426;1.4758679866790771
463;0.6533333;0.7753757983446121;0.6200000047683716;0.790287971496582
464;0.68;0.8140779137611389;0.6600000262260437;1.0084682703018188
465;0.66780823;0.7457606688345948;0.6499999761581421;0.9863386154174805
466;0.7033333;0.7850387006998062;0.5899999737739563;0.735826849937439
467;0.7266667;0.6803977817296982;0.5799999833106995;0.5808455348014832
468;0.72;0.7633971512317658;0.6700000166893005;0.9222157597541809
469;0.65;0.867760568857193;0.6299999952316284;1.5056273937225342
470;0.68666667;0.7779908314347267;0.6100000143051147;0.6399106979370117
471;0.68666667;0.755572359263897;0.75;0.3898279070854187
472;0.69;0.8076610952615738;0.5299999713897705;0.8767269253730774
473;0.7;0.7927821889519692;0.6200000047683716;0.7806961536407471
474;0.74666667;0.7302820518612861;0.6100000143051147;1.0446827411651611
475;0.73333335;0.7049506887793541;0.6000000238418579;0.8683730959892273
476;0.73;0.6752709917724132;0.6100000143051147;1.1672197580337524
477;0.73;0.7279774010181427;0.5199999809265137;1.8791005611419678
478;0.71666664;0.7431208670139313;0.5799999833106995;0.8884059190750122
479;0.6933333;0.7261275187134743;0.4300000071525574;1.6363071203231812
480;0.7266667;0.7292349770665169;0.6100000143051147;0.8538690805435181
481;0.71;0.7823711723089218;0.5199999809265137;1.7463111877441406
482;0.66;0.8417563825845719;0.7300000190734863;1.1819812059402466
483;0.71666664;0.7069436967372894;0.6600000262260437;1.1152584552764893
484;0.69;0.8102127224206924;0.6800000071525574;1.105007529258728
485;0.6766667;0.7323557138442993;0.6100000143051147;0.9387337565422058
486;0.7133333;0.6636678442358971;0.6700000166893005;1.4324204921722412
487;0.69;0.7305954113602638;0.7099999785423279;0.6233015060424805
488;0.70666665;0.7502492249011994;0.6800000071525574;0.7414960265159607
489;0.73333335;0.7227542206645012;0.7200000286102295;0.5677840113639832
490;0.6933333;0.7244442582130433;0.6200000047683716;0.455241858959198
491;0.74;0.7413248971104622;0.6000000238418579;1.286614179611206
492;0.68666667;0.8103242099285126;0.699999988079071;0.17516179382801056
493;0.74333334;0.6927139520645141;0.7200000286102295;0.40384116768836975
494;0.75;0.6724469974637032;0.6600000262260437;0.7616106271743774
495;0.67808217;0.7650175753929843;0.5400000214576721;1.4095453023910522
496;0.67333335;0.783955554664135;0.5799999833106995;0.5591147541999817
497;0.68666667;0.8280139178037643;0.6200000047683716;1.2112455368041992
498;0.7;0.7399765819311142;0.7200000286102295;0.46684980392456055
499;0.69666666;0.8121875792741775;0.6399999856948853;1.075480341911316
500;0.71;0.7001658484339714;0.4699999988079071;1.3557519912719727
501;0.68333334;0.7790458992123603;0.5899999737739563;0.4459967613220215
502;0.7;0.6189779296517373;0.7099999785423279;0.9452856183052063
503;0.72333336;0.6755970686674118;0.5899999737739563;1.1210508346557617
504;0.68666667;0.8420882552862168;0.699999988079071;0.9397903680801392
505;0.70666665;0.7635328903794288;0.6299999952316284;1.2817597389221191
506;0.73;0.6766982272267341;0.6800000071525574;0.6960254311561584
507;0.77;0.6615745082497597;0.6800000071525574;1.2037993669509888
508;0.73;0.6726218402385712;0.46000000834465027;1.6171395778656006
509;0.73333335;0.7319114372134209;0.41999998688697815;1.9134957790374756
510;0.64666665;0.8414560735225678;0.6899999976158142;0.642427384853363
511;0.7266667;0.6713435739278794;0.4399999976158142;1.1517444849014282
512;0.7133333;0.7548344761133194;0.739130437374115;0.8736945986747742
513;0.7366667;0.69435064047575;0.5099999904632568;1.1352900266647339
514;0.7133333;0.6949249893426895;0.6200000047683716;1.3493410348892212
515;0.6933333;0.8245884299278259;0.5400000214576721;1.151564359664917
516;0.6766667;0.7763329654932022;0.6200000047683716;0.8221384286880493
517;0.74333334;0.695638282597065;0.6000000238418579;0.853449821472168
518;0.70666665;0.7926538527011872;0.5400000214576721;1.2867166996002197
519;0.70666665;0.7289032503962517;0.6000000238418579;1.179903268814087
520;0.73333335;0.7130556493997574;0.6800000071525574;0.6119009852409363
521;0.75666666;0.6922520220279693;0.6600000262260437;0.887934684753418
522;0.7266667;0.7254841580986977;0.5699999928474426;0.8694089651107788
523;0.75;0.6807671397924423;0.6100000143051147;1.8793141841888428
524;0.68333334;0.698096078634262;0.6700000166893005;1.923366904258728
525;0.7366667;0.6355980470776558;0.6800000071525574;0.6810247898101807
526;0.69;0.7992002494633198;0.6600000262260437;0.7881487607955933
527;0.72333336;0.7494727522134781;0.6000000238418579;0.7960840463638306
528;0.6766667;0.7364107057452202;0.7099999785423279;0.6310845613479614
529;0.7133333;0.7277983486652374;0.6600000262260437;0.7867510318756104
530;0.70666665;0.7616488814353943;0.5299999713897705;1.10893714427948
531;0.7033333;0.707254844903946;0.7200000286102295;0.7927442789077759
532;0.71;0.7904297292232514;0.550000011920929;1.546502709388733
533;0.76;0.6213595807552338;0.6899999976158142;0.5836914777755737
534;0.69666666;0.7851104810833931;0.6499999761581421;0.8857348561286926
535;0.6566667;0.8075961783528328;0.6700000166893005;0.4921845495700836
536;0.67333335;0.8034828275442123;0.6899999976158142;1.6331754922866821
537;0.68666667;0.7662193506956101;0.7699999809265137;0.9887663125991821
538;0.7133333;0.7456464663147926;0.6299999952316284;1.186009407043457
539;0.75666666;0.598366916179657;0.7400000095367432;0.7580992579460144
540;0.74666667;0.7295596927404404;0.5899999737739563;1.2051469087600708
541;0.75666666;0.6897203296422958;0.47999998927116394;1.2172529697418213
542;0.72333336;0.7042040780186654;0.6100000143051147;1.1844675540924072
543;0.7;0.7320902913808822;0.7799999713897705;0.4999488890171051
544;0.71666664;0.7740692645311356;0.6499999761581421;0.6973455548286438
545;0.73;0.6914883941411972;0.7400000095367432;0.7901661992073059
546;0.7;0.7306929104030132;0.75;1.4209636449813843
547;0.6917808;0.8102876053076901;0.6600000262260437;0.4958818852901459
548;0.72;0.756808103621006;0.6600000262260437;1.1429790258407593
549;0.72333336;0.7469039037823677;0.6800000071525574;0.691697895526886
550;0.68666667;0.85239427536726;0.7400000095367432;0.6350415945053101
551;0.69666666;0.7519432708621026;0.6399999856948853;0.9868124127388
552;0.68;0.8506974548101425;0.6100000143051147;0.7043453454971313
553;0.71;0.7181092843413353;0.7699999809265137;0.6175673604011536
554;0.68333334;0.7176477372646332;0.6399999856948853;0.5722697377204895
555;0.69;0.8048743829131126;0.5099999904632568;1.1673165559768677
556;0.68333334;0.7839099109172821;0.6399999856948853;0.9739992022514343
557;0.70666665;0.7816932529211045;0.7300000190734863;0.6798044443130493
558;0.73;0.7370538502931595;0.7200000286102295;0.5958412885665894
559;0.69;0.7549394756555557;0.5899999737739563;0.7456940412521362
560;0.72333336;0.6972149550914765;0.6200000047683716;1.250985860824585
561;0.74333334;0.6410062178969383;0.6200000047683716;1.2640570402145386
562;0.73;0.7794399976730346;0.5899999737739563;1.1662585735321045
563;0.6666667;0.7892205938696861;0.6399999856948853;0.8821737170219421
564;0.76666665;0.595307144522667;0.6899999976158142;0.5810283422470093
565;0.73333335;0.7269194468855857;0.6299999952316284;0.9044000506401062
566;0.74333334;0.6892115592956543;0.6499999761581421;0.3894492983818054
567;0.67;0.797271141409874;0.6600000262260437;2.115652084350586
568;0.71666664;0.6740788996219635;0.6000000238418579;1.3803519010543823
569;0.68666667;0.6705547705292701;0.6899999976158142;0.6270876526832581
570;0.66;0.807849858701229;0.6700000166893005;1.0302914381027222
571;0.6766667;0.7918248191475868;0.6299999952316284;2.1168227195739746
572;0.73333335;0.6098355755209923;0.6499999761581421;1.1718870401382446
573;0.74333334;0.752765440940857;0.7200000286102295;0.47490471601486206
574;0.73;0.6855958826839924;0.6700000166893005;0.5478355288505554
575;0.68666667;0.7550670027732849;0.6499999761581421;1.0191707611083984
576;0.67333335;0.8039887085556984;0.6086956262588501;1.019986867904663
577;0.7366667;0.7224710747599602;0.6700000166893005;0.9374140501022339
578;0.73;0.6778223916888237;0.7300000190734863;0.5199692845344543
579;0.6666667;0.7746374651789665;0.6600000262260437;0.918627142906189
580;0.6933333;0.7977294683456421;0.6100000143051147;0.8820343017578125
581;0.70666665;0.7175593733787536;0.6499999761581421;0.6795927286148071
582;0.74;0.7087731018662453;0.6600000262260437;0.36021751165390015
583;0.66;0.8088576972484589;0.5299999713897705;0.9092538952827454
584;0.7133333;0.7514097914099693;0.550000011920929;1.506380319595337
585;0.77666664;0.6534331992268563;0.550000011920929;1.1383559703826904
586;0.70666665;0.7948237985372544;0.6299999952316284;0.7064549326896667
587;0.74666667;0.660858716070652;0.6299999952316284;0.5975261926651001
588;0.7366667;0.7416802033782005;0.5699999928474426;1.2414162158966064
589;0.7;0.7007249340415;0.699999988079071;0.5971817374229431
590;0.72;0.6999492481350899;0.7400000095367432;0.79859459400177
591;0.7294521;0.7767571561957058;0.6100000143051147;0.8043343424797058
592;0.7;0.7726185470819473;0.699999988079071;1.2960803508758545
593;0.7266667;0.7728531539440155;0.7799999713897705;0.48335713148117065
594;0.71666664;0.6879715904593467;0.6700000166893005;0.6019684076309204
595;0.75333333;0.6263468906283378;0.6499999761581421;1.2335439920425415
596;0.72;0.7071498855948448;0.5600000023841858;1.1628217697143555
597;0.75;0.6312017068266869;0.5199999809265137;0.6204159259796143
598;0.69;0.6957857623696327;0.6399999856948853;0.8095880746841431
599;0.72;0.7352102339267731;0.5699999928474426;0.8827924728393555
600;0.6933333;0.7186927616596221;0.5199999809265137;1.1010655164718628
601;0.73333335;0.7518668696284294;0.7300000190734863;0.6427133679389954
602;0.72;0.6834605887532235;0.75;0.6358148455619812
603;0.73;0.7116241067647934;0.7699999809265137;0.5966736078262329
604;0.7366667;0.6818130493164063;0.6499999761581421;0.6563509106636047
605;0.75;0.6102279968559742;0.7400000095367432;0.684224545955658
606;0.72;0.6705203264951706;0.6200000047683716;0.6813650131225586
607;0.7226027;0.6820263636030562;0.7200000286102295;0.319997102022171
608;0.7033333;0.7193900778889656;0.6399999856948853;0.6956127882003784
609;0.70666665;0.6861280158162117;0.5400000214576721;0.6440076231956482
610;0.69666666;0.74970191270113;0.6000000238418579;1.8502414226531982
611;0.73333335;0.6742150753736496;0.6899999976158142;0.9437211751937866
612;0.71;0.6838829115033149;0.7099999785423279;0.6746042966842651
613;0.7133333;0.7641922131180763;0.7200000286102295;0.35528966784477234
614;0.7033333;0.6500665888190269;0.6299999952316284;0.8568226099014282
615;0.7033333;0.7347653642296791;0.6200000047683716;0.57192462682724
616;0.74666667;0.7035514429211617;0.7300000190734863;1.0112673044204712
617;0.74333334;0.6705510094761848;0.6700000166893005;0.3994958996772766
618;0.69666666;0.7076808661222458;0.7300000190734863;1.1628406047821045
619;0.7366667;0.6573692753911018;0.6499999761581421;1.3447332382202148
620;0.72;0.7195182189345359;0.5600000023841858;1.0610164403915405
621;0.7366667;0.643236793577671;0.7200000286102295;0.6325381994247437
622;0.7633333;0.6434213250875473;0.47999998927116394;0.9740480184555054
623;0.69;0.6972154766321182;0.6600000262260437;0.9333324432373047
624;0.7033333;0.750792707502842;0.6899999976158142;0.6091800928115845
625;0.73333335;0.7052639842033386;0.550000011920929;0.9770711660385132
626;0.72;0.7192847013473511;0.6200000047683716;0.8362295031547546
627;0.75;0.6068961888551712;0.6000000238418579;1.0830180644989014
628;0.67;0.764048857986927;0.5699999928474426;0.8223193287849426
629;0.71;0.7422824770212173;0.6399999856948853;0.49999913573265076
630;0.70666665;0.7507355973124504;0.7099999785423279;0.33356302976608276
631;0.66333336;0.7842848643660545;0.5600000023841858;1.2847870588302612
632;0.72333336;0.6405356407165528;0.8299999833106995;0.6899261474609375
633;0.73333335;0.7303691178560257;0.7400000095367432;0.7049561738967896
634;0.75;0.6496234446763992;0.550000011920929;0.9792593121528625
635;0.75;0.6373871639370918;0.6600000262260437;0.7861700057983398
636;0.7;0.7104236036539078;0.46000000834465027;1.0691170692443848
637;0.7266667;0.7244015663862229;0.7400000095367432;0.8962008357048035
638;0.76666665;0.6178184196352958;0.46000000834465027;1.9744789600372314
639;0.68666667;0.7409754320979118;0.6499999761581421;0.7564115524291992
640;0.7133333;0.7946076825261116;0.6413043737411499;0.5999045968055725
641;0.73;0.7114325821399688;0.699999988079071;0.5643442273139954
642;0.73333335;0.6377374053001403;0.6899999976158142;0.5429599285125732
643;0.71666664;0.7095553994178772;0.5699999928474426;1.095515251159668
644;0.71;0.6541844084858894;0.5600000023841858;1.3363393545150757
645;0.70666665;0.6752033084630966;0.5899999737739563;1.053370475769043
646;0.74666667;0.6498310849070549;0.6800000071525574;1.0683436393737793
647;0.74666667;0.7202503994107247;0.6399999856948853;0.9141343235969543
648;0.69666666;0.7195787876844406;0.8299999833106995;0.678242564201355
649;0.76;0.6438839226961136;0.6800000071525574;1.3295966386795044
650;0.72;0.7846569538116455;0.7099999785423279;0.7516058087348938
651;0.73;0.7562490552663803;0.6499999761581421;0.6254764795303345
652;0.73333335;0.6741629168391228;0.6700000166893005;0.9410011172294617
653;0.69666666;0.6957053780555725;0.6000000238418579;1.1123979091644287
654;0.76;0.6537832945585251;0.7300000190734863;0.3583501875400543
655;0.75342464;0.7116291873054962;0.6700000166893005;1.0528568029403687
656;0.69666666;0.7392403677105903;0.7300000190734863;1.18948495388031
657;0.7;0.7717089653015137;0.46000000834465027;1.6006107330322266
658;0.69;0.7443248718976975;0.5099999904632568;0.9311959147453308
659;0.71666664;0.7313614584505558;0.6000000238418579;1.0736238956451416
660;0.72;0.7360134512186051;0.6399999856948853;0.6061183214187622
661;0.72333336;0.7092723235487938;0.7099999785423279;1.0620237588882446
662;0.73333335;0.6506950005888938;0.6700000166893005;0.8664131164550781
663;0.7733333;0.614390155673027;0.49000000953674316;1.2240703105926514
664;0.7366667;0.6777150891721249;0.6399999856948853;1.2021671533584595
665;0.71666664;0.6640537023544312;0.6700000166893005;1.3121596574783325
666;0.68333334;0.7795202359557152;0.46000000834465027;1.2552293539047241
667;0.7133333;0.7570463687181472;0.6200000047683716;1.1052221059799194
668;0.74;0.6009714603424072;0.6499999761581421;0.6797842383384705
669;0.7633333;0.6669831424951553;0.6499999761581421;0.6633347272872925
670;0.73;0.657989875972271;0.6499999761581421;1.4208465814590454
671;0.77;0.6218229606747627;0.6700000166893005;0.35667917132377625
672;0.7633333;0.6065909177064895;0.5600000023841858;1.7153329849243164
673;0.71;0.7643505990505218;0.6100000143051147;1.4380743503570557
674;0.7133333;0.7358410805463791;0.5199999809265137;1.145080804824829
675;0.71;0.673703846335411;0.5600000023841858;0.5588181018829346
676;0.67333335;0.820060533285141;0.6299999952316284;0.7253141403198242
677;0.74;0.6375428676605225;0.7099999785423279;0.7049106359481812
678;0.76;0.6785008236765862;0.6600000262260437;1.241688847541809
679;0.69666666;0.7506500437855721;0.6700000166893005;0.6476487517356873
680;0.74333334;0.6327537938952446;0.5400000214576721;1.3221113681793213
681;0.7266667;0.6916206449270248;0.6200000047683716;0.9811943173408508
682;0.7633333;0.6034727327525615;0.6700000166893005;0.21134357154369354
683;0.74333334;0.6648957625031471;0.7699999809265137;0.3733718991279602
684;0.7033333;0.735830569267273;0.6000000238418579;0.6872871518135071
685;0.75333333;0.6182463422417641;0.6700000166893005;1.4924482107162476
686;0.74;0.6595096230506897;0.6499999761581421;0.8871505856513977
687;0.75;0.657522477209568;0.5600000023841858;1.204963207244873
688;0.7366667;0.6209539547562599;0.6800000071525574;1.1405127048492432
689;0.7133333;0.735509169101715;0.7099999785423279;1.6385228633880615
690;0.76;0.6428822048008442;0.7699999809265137;1.2573119401931763
691;0.79333335;0.5911461472511291;0.6800000071525574;0.4640272259712219
692;0.7033333;0.774464450776577;0.4399999976158142;1.166252851486206
693;0.7;0.6965513437986374;0.6100000143051147;0.7381992340087891
694;0.68333334;0.776703916490078;0.6000000238418579;0.8198347091674805
695;0.6766667;0.7737930551171303;0.6600000262260437;0.2652282416820526
696;0.72;0.7133367642760277;0.6200000047683716;0.9756488800048828
697;0.75666666;0.6392953336238861;0.6899999976158142;0.6755440831184387
698;0.76;0.6548067837953567;0.6100000143051147;0.35561543703079224
699;0.72333336;0.7147066056728363;0.6600000262260437;1.0987203121185303
700;0.75666666;0.666732682287693;0.6499999761581421;1.1409837007522583
701;0.72333336;0.7028888553380966;0.7400000095367432;0.3329774737358093
702;0.77;0.5972110129892826;0.5799999833106995;1.3942058086395264
703;0.7133333;0.7835329994559288;0.7300000190734863;0.8344672918319702
704;0.70666665;0.7974262870848179;0.5899999737739563;1.1717321872711182
705;0.75342464;0.7011207956565569;0.77173912525177;1.0226058959960938
706;0.77;0.602680891752243;0.7900000214576721;0.44783511757850647
707;0.72333336;0.6811748832464218;0.6899999976158142;0.835241973400116
708;0.70666665;0.7355167001485825;0.6800000071525574;1.1743346452713013
709;0.72333336;0.684561862051487;0.7099999785423279;0.4594951272010803
710;0.7366667;0.651517254114151;0.5899999737739563;0.9459211230278015
711;0.72333336;0.659911222755909;0.6600000262260437;0.7480822205543518
712;0.69666666;0.7158292517066002;0.6000000238418579;0.6908184885978699
713;0.77;0.6173989318311215;0.7099999785423279;0.4438888132572174
714;0.74;0.5994620732963085;0.6600000262260437;1.1085193157196045
715;0.74666667;0.6186187326908111;0.5600000023841858;1.8452802896499634
716;0.76;0.6430301189422607;0.6100000143051147;0.6417377591133118
717;0.74333334;0.6920985102653503;0.8299999833106995;1.851715326309204
718;0.73;0.6612439006567001;0.5899999737739563;0.8761661648750305
719;0.7133333;0.7939835101366043;0.7099999785423279;0.6131481528282166
720;0.71;0.7231789037585259;0.6600000262260437;0.6204356551170349
721;0.72333336;0.7123370662331581;0.7099999785423279;0.7853233814239502
722;0.75;0.647089721262455;0.7200000286102295;0.7468657493591309
723;0.7266667;0.6108218595385552;0.75;0.5795221328735352
724;0.72333336;0.7190671920776367;0.7099999785423279;0.7818151712417603
725;0.7033333;0.6817413523793221;0.7900000214576721;0.31434595584869385
726;0.70666665;0.7354541838169097;0.699999988079071;0.7993615865707397
727;0.71666664;0.7556768655776978;0.7200000286102295;0.40861082077026367
728;0.74666667;0.652563938498497;0.7900000214576721;0.5742955803871155
729;0.76;0.7056187853217125;0.7300000190734863;0.7766839861869812
730;0.73;0.6968029230833054;0.46000000834465027;2.345419406890869
731;0.73;0.6297053545713425;0.47999998927116394;1.579453468322754
732;0.70666665;0.8092046439647674;0.5799999833106995;1.027228593826294
733;0.75;0.6791724108159543;0.5600000023841858;1.4301469326019287
734;0.7033333;0.7184840232133866;0.6800000071525574;0.5060378909111023
735;0.7366667;0.7005279362201691;0.7799999713897705;0.27614471316337585
736;0.75666666;0.6258543744683266;0.6600000262260437;1.5728868246078491
737;0.72333336;0.6960855796933174;0.6399999856948853;0.5264745354652405
738;0.7266667;0.688698111474514;0.7799999713897705;0.7721092104911804
739;0.74666667;0.6120380856096744;0.7400000095367432;0.39096957445144653
740;0.72;0.6707789465785027;0.5799999833106995;1.0991231203079224
741;0.67333335;0.7930972084403038;0.699999988079071;0.593317449092865
742;0.7266667;0.7333121687173844;0.5899999737739563;1.196699619293213
743;0.73;0.7139005035161972;0.6800000071525574;1.0648181438446045
744;0.77666664;0.593140234798193;0.7400000095367432;0.6468828916549683
745;0.7366667;0.681912113726139;0.6100000143051147;1.6393522024154663
746;0.71;0.6607617110013961;0.6899999976158142;1.2884395122528076
747;0.70666665;0.7400632485747337;0.5799999833106995;1.0492849349975586
748;0.72333336;0.7434711724519729;0.6700000166893005;1.0090744495391846
749;0.7366667;0.6663494423031807;0.6700000166893005;0.9154633283615112
750;0.75333333;0.6039603099226951;0.6499999761581421;0.4040969908237457
751;0.7266667;0.684967178106308;0.6499999761581421;0.820793628692627
752;0.75;0.6469458639621735;0.6100000143051147;0.6950950622558594
753;0.7366667;0.6346609964966774;0.5899999737739563;0.33089104294776917
754;0.75333333;0.6616914823651314;0.5699999928474426;0.8067680597305298
755;0.76666665;0.6262607336044311;0.6399999856948853;0.7402773499488831
756;0.7266667;0.7007732972502708;0.7300000190734863;0.5391845703125
757;0.73;0.6647631734609604;0.6200000047683716;0.39919790625572205
758;0.73;0.6815744534134864;0.75;1.0439321994781494
759;0.74666667;0.6604417964816094;0.7300000190734863;0.4617268443107605
760;0.7366667;0.6303939759731293;0.8299999833106995;0.4977573752403259
761;0.7366667;0.6713801302015782;0.6499999761581421;0.8395131826400757
762;0.69;0.7457224115729332;0.7300000190734863;0.4472246766090393
763;0.76;0.6087979212403297;0.6399999856948853;1.1609554290771484
764;0.71;0.6923527732491493;0.699999988079071;1.758824110031128
765;0.7033333;0.7281086027622223;0.6499999761581421;0.44047123193740845
766;0.73333335;0.6530129879713058;0.6499999761581421;1.0157748460769653
767;0.72;0.6802145309746266;0.699999988079071;0.8514288067817688
768;0.73333335;0.6922725096344948;0.7099999785423279;0.3897305130958557
769;0.7705479;0.5628113162844148;0.75;1.5356574058532715
770;0.6766667;0.7001412659883499;0.7300000190734863;1.6198545694351196
771;0.74333334;0.6305732235312462;0.6600000262260437;0.5420239567756653
772;0.75333333;0.6553011760115623;0.6700000166893005;0.4310528635978699
773;0.74666667;0.6401219293475151;0.5899999737739563;0.7111495137214661
774;0.71;0.6667457394301891;0.6800000071525574;1.4913415908813477
775;0.69;0.7794341564178466;0.5799999833106995;1.2497894763946533
776;0.72333336;0.6483156383037567;0.6200000047683716;0.5843881368637085
777;0.67;0.76181700527668;0.6299999952316284;0.43646398186683655
778;0.73333335;0.6580250829458236;0.6800000071525574;0.7647500038146973
779;0.72;0.7062930598855018;0.7300000190734863;0.9808680415153503
780;0.7;0.7809086754918099;0.6700000166893005;0.7759478688240051
781;0.73;0.7111954003572464;0.6700000166893005;0.5974443554878235
782;0.7733333;0.6054559893906116;0.7300000190734863;0.537807047367096
783;0.7266667;0.721989669650793;0.7400000095367432;0.33586233854293823
784;0.70666665;0.731891006231308;0.6700000166893005;1.2176458835601807
785;0.75666666;0.6265944138169288;0.6899999976158142;1.294090986251831
786;0.75;0.6313763201236725;0.6200000047683716;0.79438316822052
787;0.77;0.6658140614628791;0.7099999785423279;0.6967178583145142
788;0.7266667;0.6955053985118866;0.6600000262260437;0.30214542150497437
789;0.7733333;0.6588465183973312;0.5600000023841858;1.8045406341552734
790;0.7266667;0.6596942439675331;0.6299999952316284;1.5738155841827393
791;0.75;0.7127836540341377;0.5799999833106995;1.0596624612808228
792;0.74;0.7147348999977112;0.6499999761581421;1.425091028213501
793;0.74666667;0.6128978595137596;0.75;0.6274468302726746
794;0.72;0.6426827013492584;0.6499999761581421;1.2351016998291016
795;0.71666664;0.7053015187382699;0.6299999952316284;1.639838457107544
796;0.75333333;0.665168572962284;0.5799999833106995;0.26581189036369324
797;0.739726;0.7498522110997814;0.6399999856948853;0.7944561839103699
798;0.72333336;0.7331121161580085;0.6100000143051147;0.9730889201164246
799;0.76666665;0.6699385166168212;0.5199999809265137;0.7777897119522095
800;0.75666666;0.6406885281205177;0.5;1.7437776327133179
801;0.7266667;0.6730775877833366;0.7400000095367432;0.8231824636459351
802;0.75333333;0.6322267711162567;0.5799999833106995;1.1261546611785889
803;0.74666667;0.6706710427999496;0.550000011920929;1.6765962839126587
804;0.72;0.6818505309522152;0.6499999761581421;1.2151002883911133
805;0.75666666;0.5760364241898059;0.6299999952316284;1.3817226886749268
806;0.75;0.7184074357151985;0.6800000071525574;0.5131987929344177
807;0.74333334;0.6297673128545285;0.6800000071525574;0.6027746200561523
808;0.73333335;0.6612302303314209;0.75;1.4634487628936768
809;0.7266667;0.6589998111128808;0.7699999809265137;0.5802232027053833
810;0.75;0.6179168298840523;0.6899999976158142;0.5971418619155884
811;0.74333334;0.6455637410283088;0.7300000190734863;1.1735714673995972
812;0.76666665;0.6442180946469307;0.6700000166893005;1.8506158590316772
813;0.73333335;0.6994880378246308;0.6100000143051147;0.4890668988227844
814;0.71666664;0.6565065398812294;0.47999998927116394;1.4966014623641968
815;0.73333335;0.7334973588585854;0.7200000286102295;1.5229684114456177
816;0.7633333;0.5961965575814248;0.6600000262260437;1.8754127025604248
817;0.7266667;0.6672473043203354;0.6899999976158142;1.1511138677597046
818;0.70666665;0.6559653498232365;0.75;0.5501493215560913
819;0.73;0.7112089291214942;0.6600000262260437;0.874798595905304
820;0.7733333;0.6166800834238529;0.550000011920929;1.6202272176742554
821;0.71;0.713520523905754;0.5799999833106995;1.4535168409347534
822;0.75666666;0.6468155816197395;0.7300000190734863;1.4662501811981201
823;0.7633333;0.7023405119776726;0.7900000214576721;0.43149083852767944
824;0.75;0.6997710123658181;0.6399999856948853;0.37472042441368103
825;0.71666664;0.659659942984581;0.6000000238418579;0.7527616024017334
826;0.75333333;0.653872336447239;0.6700000166893005;0.8270413279533386
827;0.73;0.6783151388168335;0.5600000023841858;1.011923909187317
828;0.7266667;0.6816081881523133;0.6399999856948853;0.6278795003890991
829;0.72;0.7062986388802528;0.6399999856948853;0.6847666501998901
830;0.77666664;0.5648408472537995;0.699999988079071;1.3645676374435425
831;0.7033333;0.7867145657539367;0.6299999952316284;1.8328478336334229
832;0.72;0.6852508805692196;0.6700000166893005;1.0457956790924072
833;0.7266667;0.748436626791954;0.72826087474823;1.090264081954956
834;0.7266667;0.7147963538765907;0.6299999952316284;0.7086038589477539
835;0.76666665;0.5894829794764519;0.6800000071525574;0.801146388053894
836;0.7133333;0.6341517433524132;0.6100000143051147;1.1914421319961548
837;0.72;0.6521729484200478;0.5799999833106995;1.8790630102157593
838;0.78333336;0.5297625675797463;0.7200000286102295;0.5172677040100098
839;0.70666665;0.7252371244132518;0.7300000190734863;0.893060028553009
840;0.7431507;0.654117931854235;0.6800000071525574;0.5103412866592407
841;0.74333334;0.6780637070536614;0.800000011920929;0.39318957924842834
842;0.7633333;0.6310678325593472;0.6700000166893005;0.8369888067245483
843;0.75333333;0.6385751254856586;0.7099999785423279;0.579858660697937
844;0.76;0.613176915794611;0.7099999785423279;0.7108222246170044
845;0.74333334;0.6613509401679039;0.7200000286102295;1.269758701324463
846;0.74666667;0.662857922911644;0.7300000190734863;0.8983877301216125
847;0.70666665;0.731832317262888;0.6899999976158142;0.5081626176834106
848;0.71666664;0.6893977999687195;0.6800000071525574;1.6903215646743774
849;0.7733333;0.5871640935540199;0.6800000071525574;0.7457553148269653
850;0.72333336;0.6898848041892052;0.6700000166893005;1.088749647140503
851;0.71;0.6467575028538703;0.7300000190734863;0.5320939421653748
852;0.75666666;0.6257842864841223;0.7200000286102295;0.6758052110671997
853;0.77666664;0.6442576341331006;0.5;1.149001121520996
854;0.75;0.6656992889940738;0.6600000262260437;0.24682946503162384
855;0.72;0.6704283058643341;0.7799999713897705;0.21127896010875702
856;0.74666667;0.6313830107450485;0.6200000047683716;0.6157335638999939
857;0.7366667;0.6673734202980995;0.7599999904632568;1.0274630784988403
858;0.75;0.5917437717318534;0.7400000095367432;0.34946292638778687
859;0.7733333;0.621974165737629;0.5400000214576721;1.4492335319519043
860;0.74333334;0.6434103548526764;0.6600000262260437;1.021317958831787
861;0.73333335;0.6553878411650658;0.6200000047683716;0.9823700189590454
862;0.7266667;0.6869736939668656;0.5600000023841858;1.0605283975601196
863;0.7266667;0.678390021622181;0.5299999713897705;1.0982459783554077
864;0.76666665;0.6714035168290138;0.6499999761581421;1.5009437799453735
865;0.7266667;0.6601549856364727;0.6800000071525574;1.128614068031311
866;0.7266667;0.701437059044838;0.5799999833106995;1.3831342458724976
867;0.74;0.6772095687687397;0.6800000071525574;0.638946533203125
868;0.74;0.6170023590326309;0.7400000095367432;0.599881649017334
869;0.73;0.6841583177447319;0.7099999785423279;0.5677419900894165
870;0.77;0.6765880331397056;0.6200000047683716;1.4841294288635254
871;0.72;0.6996942982077599;0.7400000095367432;1.1308035850524902
872;0.76;0.6292608067393303;0.6700000166893005;1.4118537902832031
873;0.78333336;0.6032339967787266;0.6499999761581421;0.5221739411354065
874;0.74333334;0.6441860496997833;0.6700000166893005;0.8246185183525085
875;0.72333336;0.6481357604265213;0.4300000071525574;2.237255573272705
876;0.75;0.6576370388269425;0.5899999737739563;1.300194263458252
877;0.68666667;0.7958547323942184;0.6700000166893005;0.4828876554965973
878;0.7866667;0.6077739059925079;0.6499999761581421;0.7156715393066406
879;0.73333335;0.7011993989348412;0.6700000166893005;1.148130178451538
880;0.77666664;0.5989728935062886;0.7099999785423279;0.8068693280220032
881;0.71666664;0.6105633661150932;0.6200000047683716;0.7273082137107849
882;0.74666667;0.6532238006591797;0.6299999952316284;0.5876425504684448
883;0.7866667;0.6096941322088242;0.7400000095367432;1.0848675966262817
884;0.75;0.6557947218418121;0.699999988079071;0.6031140089035034
885;0.7431507;0.6690730809757154;0.5899999737739563;0.8530923128128052
886;0.73333335;0.638838267326355;0.5699999928474426;1.4441277980804443
887;0.74333334;0.6688848957419395;0.75;0.5484527945518494
888;0.74;0.7028492122888566;0.5899999737739563;1.0414202213287354
889;0.73;0.6745068982243538;0.7300000190734863;0.8604009747505188
890;0.73333335;0.687436030805111;0.7799999713897705;0.4331422746181488
891;0.7266667;0.6430413946509361;0.75;0.9923977851867676
892;0.78333336;0.6030905656516552;0.699999988079071;1.3478786945343018
893;0.7266667;0.6637001723051071;0.6800000071525574;0.5531119704246521
894;0.74333334;0.672585716843605;0.7300000190734863;0.8796785473823547
895;0.76;0.6458147957921028;0.6200000047683716;0.5859687924385071
896;0.74;0.6318822041153908;0.5600000023841858;1.335828423500061
897;0.76;0.6481983870267868;0.5869565010070801;0.6269152760505676
898;0.72333336;0.6430198237299919;0.699999988079071;0.7733784317970276
899;0.74333334;0.620979955792427;0.699999988079071;0.5096957087516785
900;0.75;0.6786283314228058;0.7200000286102295;0.8489130735397339
901;0.72333336;0.6726156398653984;0.7099999785423279;1.3917138576507568
902;0.71666664;0.6585636481642723;0.7200000286102295;0.4080849289894104
903;0.74666667;0.6436291217803956;0.7099999785423279;0.6983016729354858
904;0.72333336;0.6689352199435235;0.6899999976158142;0.7573606371879578
905;0.7866667;0.6341186717152596;0.6700000166893005;0.3911093771457672
906;0.75;0.579808023571968;0.5600000023841858;0.7497434616088867
907;0.74333334;0.7194083452224731;0.7200000286102295;0.5451494455337524
908;0.7;0.7031574606895447;0.6299999952316284;0.9439889788627625
909;0.7133333;0.7027259424328804;0.7099999785423279;0.8232098817825317
910;0.74666667;0.6586334429681301;0.7099999785423279;0.805743396282196
911;0.75666666;0.6004170790314675;0.6499999761581421;0.9055482745170593
912;0.76;0.6129560098052025;0.6000000238418579;1.0000261068344116
913;0.77666664;0.552970790117979;0.5199999809265137;2.0584747791290283
914;0.71;0.696965591609478;0.5299999713897705;0.8155401945114136
915;0.72333336;0.7120667025446892;0.6600000262260437;1.0859369039535522
916;0.7733333;0.5892812356352806;0.6399999856948853;1.1130311489105225
917;0.73333335;0.6448670387268066;0.7300000190734863;0.8482435345649719
918;0.76666665;0.6143339149653911;0.7099999785423279;0.7175453305244446
919;0.7733333;0.6168787606060505;0.6499999761581421;0.9986886978149414
920;0.74333334;0.6079278275370598;0.7400000095367432;0.44206103682518005
921;0.74;0.6885674118995666;0.5899999737739563;1.1190032958984375
922;0.74666667;0.644259674847126;0.6499999761581421;0.8808432817459106
923;0.72;0.6296953707933426;0.699999988079071;0.8277429342269897
924;0.73333335;0.6824848100543022;0.7200000286102295;0.8125671148300171
925;0.72;0.6868517205119133;0.699999988079071;0.4416128695011139
926;0.72333336;0.678958548605442;0.6299999952316284;0.5602946281433105
927;0.70666665;0.6612850069999695;0.6100000143051147;0.8636022806167603
928;0.76666665;0.5809306807816028;0.7400000095367432;0.7863060235977173
929;0.7966667;0.5725806303322315;0.6299999952316284;1.3487669229507446
930;0.74333334;0.635035602003336;0.7400000095367432;0.9412485361099243
931;0.71;0.6943009302020073;0.5899999737739563;1.8415696620941162
932;0.74333334;0.6332965090870857;0.6299999952316284;0.37355175614356995
933;0.7133333;0.6644983917474747;0.6399999856948853;0.8497506976127625
934;0.69666666;0.7564508140087127;0.6700000166893005;1.0277963876724243
935;0.71;0.7323611363768577;0.7599999904632568;0.5486544370651245
936;0.74666667;0.5843554250895977;0.6600000262260437;0.9037262797355652
937;0.8066667;0.5997885420918465;0.4099999964237213;2.127650499343872
938;0.7431507;0.6384818750905664;0.6600000262260437;0.6472403407096863
939;0.75666666;0.6682120576500893;0.6899999976158142;1.3505089282989502
940;0.75333333;0.6561893746256828;0.7699999809265137;0.5797706246376038
941;0.74;0.6798475399613381;0.699999988079071;0.5237963199615479
942;0.75;0.653948475420475;0.75;0.7588691115379333
943;0.74666667;0.6504966095089912;0.6499999761581421;0.47280511260032654
944;0.77666664;0.6140321433544159;0.7799999713897705;0.28678661584854126
945;0.70666665;0.6718306347727776;0.6700000166893005;0.953729510307312
946;0.75666666;0.6580383852124214;0.6800000071525574;0.795049786567688
947;0.78333336;0.625147970020771;0.7900000214576721;0.6466847658157349
948;0.8;0.5803801491856575;0.6600000262260437;0.9771119356155396
949;0.7966667;0.5826036088168621;0.6700000166893005;0.7526684403419495
950;0.80333334;0.5366079434752464;0.7200000286102295;0.8549008369445801
951;0.7266667;0.7275070890784263;0.6499999761581421;1.0462758541107178
952;0.7366667;0.5878631055355072;0.6700000166893005;1.1506119966506958
953;0.77666664;0.5604603230953217;0.6899999976158142;0.7597887516021729
954;0.7866667;0.5433610543608666;0.8100000023841858;0.5083489418029785
955;0.77;0.537676016613841;0.6700000166893005;0.8143032789230347
956;0.7733333;0.6303486526012421;0.7599999904632568;0.6224449872970581
957;0.73;0.6589580997824669;0.699999988079071;1.0716348886489868
958;0.77666664;0.6518534556031227;0.7900000214576721;1.1407101154327393
959;0.75;0.6642430990934372;0.6299999952316284;0.4397393763065338
960;0.76666665;0.631831482052803;0.6499999761581421;1.2031151056289673
961;0.68333334;0.6552276492118836;0.75;0.8703462481498718
962;0.73;0.7015986867249012;0.7200000286102295;0.22786906361579895
963;0.71666664;0.7614799439907074;0.7699999809265137;0.5520340204238892
964;0.73;0.6753390535712243;0.5099999904632568;0.7370703220367432
965;0.74666667;0.6596454426646232;0.5899999737739563;0.7424677014350891
966;0.77;0.5911582991480827;0.7400000095367432;0.8737711906433105
967;0.72333336;0.6657138079404831;0.6600000262260437;1.1501719951629639
968;0.7033333;0.65416928678751;0.6800000071525574;1.183119773864746
969;0.74666667;0.6222659692168235;0.6700000166893005;0.39737993478775024
970;0.7866667;0.5748295366764069;0.6700000166893005;0.8582924008369446
971;0.76666665;0.5914659455418587;0.8199999928474426;0.4185550808906555
972;0.77;0.6172609210014344;0.800000011920929;0.5100983381271362
973;0.75666666;0.6209903806447983;0.75;0.37921521067619324
974;0.72333336;0.6712306156754494;0.6000000238418579;0.751428484916687
975;0.75;0.6951985135674477;0.6800000071525574;0.4177331328392029
976;0.76666665;0.556249526143074;0.6399999856948853;0.7847679853439331
977;0.74666667;0.6516732804477214;0.7200000286102295;0.7513759732246399
978;0.77;0.574645833671093;0.6899999976158142;1.2617213726043701
979;0.78;0.5661436304450035;0.6399999856948853;1.0247352123260498
980;0.7876712;0.5710353683935453;0.75;0.6061238050460815
981;0.72;0.6732428312301636;0.5400000214576721;0.5859829187393188
982;0.7733333;0.6571989133954048;0.7300000190734863;0.6575617790222168
983;0.76666665;0.628083810210228;0.6299999952316284;1.75034499168396
984;0.7733333;0.6869173228740693;0.6100000143051147;0.9818107485771179
985;0.72333336;0.6491701401770115;0.7099999785423279;0.9902597665786743
986;0.7366667;0.6471001863479614;0.7799999713897705;0.8364459872245789
987;0.75333333;0.7028215587139129;0.6399999856948853;0.8287836313247681
988;0.75;0.6438472494482994;0.7400000095367432;0.642059862613678
989;0.75;0.6838088005781173;0.8100000023841858;0.3090971112251282
990;0.79;0.5737856611609459;0.7400000095367432;0.6622173190116882
991;0.76666665;0.5909886881709099;0.6000000238418579;0.8837695121765137
992;0.76;0.6036081239581108;0.6800000071525574;1.189648985862732
993;0.7633333;0.5812603026628494;0.5199999809265137;1.5736713409423828
994;0.7733333;0.6502374053001404;0.7200000286102295;0.9525328874588013
995;0.74;0.677782678604126;0.7300000190734863;1.1778228282928467
996;0.75666666;0.585925567150116;0.7300000190734863;0.4657565951347351
997;0.78333336;0.5814258724451065;0.5899999737739563;1.7333266735076904
998;0.75;0.5979461297392845;0.6800000071525574;0.8501530885696411
999;0.69666666;0.7075656220316887;0.6000000238418579;1.2954246997833252
